degradation,fitness,precision model,anomalies detected,true positives,false positives,false negatives,detection precision,detection recall
0,1.0,1.0,308,308,0,0,1.0,1.0
30,0.9999859288902397,0.9889380530973452,1000,308,692,0,0.308,1.0
50,0.9999858425277811,0.9884663341645885,1000,308,692,0,0.308,1.0
70,0.999985776991987,0.9871134020618557,1000,308,692,0,0.308,1.0
90,0.9999853057827597,0.9803030303030303,1000,308,692,0,0.308,1.0
